Year,Region,Production,Economic_Region
2000,Ağsu,804.0,Dağlıq Şirvan
2001,Ağsu,736.0,Dağlıq Şirvan
2002,Ağsu,571.0,Dağlıq Şirvan
2003,Ağsu,1443.0,Dağlıq Şirvan
2004,Ağsu,2176.0,Dağlıq Şirvan
2005,Ağsu,2186.0,Dağlıq Şirvan
2006,Ağsu,1580.0,Dağlıq Şirvan
2007,Ağsu,1032.0,Dağlıq Şirvan
2008,Ağsu,641.0,Dağlıq Şirvan
2009,Ağsu,3.0,Dağlıq Şirvan
2010,Ağsu,0.0,Dağlıq Şirvan
2011,Ağsu,60.0,Dağlıq Şirvan
2012,Ağsu,92.0,Dağlıq Şirvan
2013,Ağsu,22.0,Dağlıq Şirvan
2014,Ağsu,0.0,Dağlıq Şirvan
2015,Ağsu,0.0,Dağlıq Şirvan
2016,Ağsu,1031.0,Dağlıq Şirvan
2017,Ağsu,2807.0,Dağlıq Şirvan
2018,Ağsu,1974.0,Dağlıq Şirvan
2019,Ağsu,994.0,Dağlıq Şirvan
2020,Ağsu,1525.0,Dağlıq Şirvan
2021,Ağsu,0.0,Dağlıq Şirvan
2022,Ağsu,0.0,Dağlıq Şirvan
2023,Ağsu,0.0,Dağlıq Şirvan
2000,Gəncə,0.0,Gəncə-Daşkəsən
2001,Gəncə,0.0,Gəncə-Daşkəsən
2002,Gəncə,138.0,Gəncə-Daşkəsən
2003,Gəncə,63.0,Gəncə-Daşkəsən
2004,Gəncə,71.0,Gəncə-Daşkəsən
2005,Gəncə,74.0,Gəncə-Daşkəsən
2006,Gəncə,71.0,Gəncə-Daşkəsən
2007,Gəncə,0.0,Gəncə-Daşkəsən
2008,Gəncə,0.0,Gəncə-Daşkəsən
2009,Gəncə,0.0,Gəncə-Daşkəsən
2010,Gəncə,0.0,Gəncə-Daşkəsən
2011,Gəncə,0.0,Gəncə-Daşkəsən
2012,Gəncə,0.0,Gəncə-Daşkəsən
2013,Gəncə,0.0,Gəncə-Daşkəsən
2014,Gəncə,0.0,Gəncə-Daşkəsən
2015,Gəncə,0.0,Gəncə-Daşkəsən
2016,Gəncə,0.0,Gəncə-Daşkəsən
2017,Gəncə,0.0,Gəncə-Daşkəsən
2018,Gəncə,0.0,Gəncə-Daşkəsən
2019,Gəncə,0.0,Gəncə-Daşkəsən
2020,Gəncə,0.0,Gəncə-Daşkəsən
2021,Gəncə,0.0,Gəncə-Daşkəsən
2022,Gəncə,0.0,Gəncə-Daşkəsən
2023,Gəncə,0.0,Gəncə-Daşkəsən
2000,Goranboy,2812.0,Gəncə-Daşkəsən
2001,Goranboy,3598.0,Gəncə-Daşkəsən
2002,Goranboy,3282.0,Gəncə-Daşkəsən
2003,Goranboy,2511.0,Gəncə-Daşkəsən
2004,Goranboy,2045.0,Gəncə-Daşkəsən
2005,Goranboy,3225.0,Gəncə-Daşkəsən
2006,Goranboy,2360.0,Gəncə-Daşkəsən
2007,Goranboy,2211.0,Gəncə-Daşkəsən
2008,Goranboy,3475.0,Gəncə-Daşkəsən
2009,Goranboy,1145.0,Gəncə-Daşkəsən
2010,Goranboy,1617.0,Gəncə-Daşkəsən
2011,Goranboy,2917.0,Gəncə-Daşkəsən
2012,Goranboy,2491.0,Gəncə-Daşkəsən
2013,Goranboy,1400.0,Gəncə-Daşkəsən
2014,Goranboy,1033.0,Gəncə-Daşkəsən
2015,Goranboy,376.0,Gəncə-Daşkəsən
2016,Goranboy,3573.0,Gəncə-Daşkəsən
2017,Goranboy,6958.0,Gəncə-Daşkəsən
2018,Goranboy,9147.0,Gəncə-Daşkəsən
2019,Goranboy,7277.0,Gəncə-Daşkəsən
2020,Goranboy,9630.7,Gəncə-Daşkəsən
2021,Goranboy,7366.5,Gəncə-Daşkəsən
2022,Goranboy,6770.0,Gəncə-Daşkəsən
2023,Goranboy,4212.7,Gəncə-Daşkəsən
2000,Samux,105.0,Gəncə-Daşkəsən
2001,Samux,130.0,Gəncə-Daşkəsən
2002,Samux,0.0,Gəncə-Daşkəsən
2003,Samux,0.0,Gəncə-Daşkəsən
2004,Samux,0.0,Gəncə-Daşkəsən
2005,Samux,23.0,Gəncə-Daşkəsən
2006,Samux,0.0,Gəncə-Daşkəsən
2007,Samux,33.0,Gəncə-Daşkəsən
2008,Samux,76.0,Gəncə-Daşkəsən
2009,Samux,71.0,Gəncə-Daşkəsən
2010,Samux,60.0,Gəncə-Daşkəsən
2011,Samux,58.0,Gəncə-Daşkəsən
2012,Samux,77.0,Gəncə-Daşkəsən
2013,Samux,72.0,Gəncə-Daşkəsən
2014,Samux,60.0,Gəncə-Daşkəsən
2015,Samux,43.0,Gəncə-Daşkəsən
2016,Samux,761.0,Gəncə-Daşkəsən
2017,Samux,47.0,Gəncə-Daşkəsən
2018,Samux,923.0,Gəncə-Daşkəsən
2019,Samux,0.0,Gəncə-Daşkəsən
2020,Samux,173.2,Gəncə-Daşkəsən
2021,Samux,0.0,Gəncə-Daşkəsən
2022,Samux,0.0,Gəncə-Daşkəsən
2023,Samux,0.0,Gəncə-Daşkəsən
2000,Ağcabədi,7761.0,Qarabağ
2001,Ağcabədi,5560.0,Qarabağ
2002,Ağcabədi,7809.0,Qarabağ
2003,Ağcabədi,8604.0,Qarabağ
2004,Ağcabədi,8645.0,Qarabağ
2005,Ağcabədi,12162.0,Qarabağ
2006,Ağcabədi,8351.0,Qarabağ
2007,Ağcabədi,6743.0,Qarabağ
2008,Ağcabədi,2775.0,Qarabağ
2009,Ağcabədi,2645.0,Qarabağ
2010,Ağcabədi,4148.0,Qarabağ
2011,Ağcabədi,7594.0,Qarabağ
2012,Ağcabədi,5521.0,Qarabağ
2013,Ağcabədi,4043.0,Qarabağ
2014,Ağcabədi,2886.0,Qarabağ
2015,Ağcabədi,2218.0,Qarabağ
2016,Ağcabədi,8852.0,Qarabağ
2017,Ağcabədi,20497.0,Qarabağ
2018,Ağcabədi,23305.0,Qarabağ
2019,Ağcabədi,32099.0,Qarabağ
2020,Ağcabədi,37992.1,Qarabağ
2021,Ağcabədi,33517.2,Qarabağ
2022,Ağcabədi,40424.4,Qarabağ
2023,Ağcabədi,36250.0,Qarabağ
2000,Ağdam,1756.0,Qarabağ
2001,Ağdam,1101.0,Qarabağ
2002,Ağdam,1845.0,Qarabağ
2003,Ağdam,3336.0,Qarabağ
2004,Ağdam,3134.0,Qarabağ
2005,Ağdam,5118.0,Qarabağ
2006,Ağdam,1942.0,Qarabağ
2007,Ağdam,950.0,Qarabağ
2008,Ağdam,311.0,Qarabağ
2009,Ağdam,264.0,Qarabağ
2010,Ağdam,98.0,Qarabağ
2011,Ağdam,546.0,Qarabağ
2012,Ağdam,342.0,Qarabağ
2013,Ağdam,242.0,Qarabağ
2014,Ağdam,147.0,Qarabağ
2015,Ağdam,71.0,Qarabağ
2016,Ağdam,833.0,Qarabağ
2017,Ağdam,6179.0,Qarabağ
2018,Ağdam,5822.0,Qarabağ
2019,Ağdam,7316.0,Qarabağ
2020,Ağdam,7099.5,Qarabağ
2021,Ağdam,6295.8,Qarabağ
2022,Ağdam,7001.5,Qarabağ
2023,Ağdam,4441.2,Qarabağ
2000,Bərdə,10683.0,Qarabağ
2001,Bərdə,6396.0,Qarabağ
2002,Bərdə,7336.0,Qarabağ
2003,Bərdə,8082.0,Qarabağ
2004,Bərdə,8582.0,Qarabağ
2005,Bərdə,17144.0,Qarabağ
2006,Bərdə,13623.0,Qarabağ
2007,Bərdə,7537.0,Qarabağ
2008,Bərdə,5353.0,Qarabağ
2009,Bərdə,2423.0,Qarabağ
2010,Bərdə,3281.0,Qarabağ
2011,Bərdə,5100.0,Qarabağ
2012,Bərdə,5221.0,Qarabağ
2013,Bərdə,3945.0,Qarabağ
2014,Bərdə,3237.0,Qarabağ
2015,Bərdə,3292.0,Qarabağ
2016,Bərdə,6925.0,Qarabağ
2017,Bərdə,22402.0,Qarabağ
2018,Bərdə,25373.0,Qarabağ
2019,Bərdə,34190.0,Qarabağ
2020,Bərdə,37295.6,Qarabağ
2021,Bərdə,29689.9,Qarabağ
2022,Bərdə,35953.6,Qarabağ
2023,Bərdə,27467.6,Qarabağ
2000,Füzuli,250.0,Qarabağ
2001,Füzuli,511.0,Qarabağ
2002,Füzuli,800.0,Qarabağ
2003,Füzuli,1500.0,Qarabağ
2004,Füzuli,1475.0,Qarabağ
2005,Füzuli,2900.0,Qarabağ
2006,Füzuli,2000.0,Qarabağ
2007,Füzuli,1405.0,Qarabağ
2008,Füzuli,39.0,Qarabağ
2009,Füzuli,134.0,Qarabağ
2010,Füzuli,162.0,Qarabağ
2011,Füzuli,638.0,Qarabağ
2012,Füzuli,398.0,Qarabağ
2013,Füzuli,327.0,Qarabağ
2014,Füzuli,155.0,Qarabağ
2015,Füzuli,5.0,Qarabağ
2016,Füzuli,522.0,Qarabağ
2017,Füzuli,2131.0,Qarabağ
2018,Füzuli,2217.0,Qarabağ
2019,Füzuli,1629.0,Qarabağ
2020,Füzuli,1796.8,Qarabağ
2021,Füzuli,1108.0,Qarabağ
2022,Füzuli,1065.5,Qarabağ
2023,Füzuli,0.0,Qarabağ
2000,Xocalı,12.0,Qarabağ
2001,Xocalı,0.0,Qarabağ
2002,Xocalı,0.0,Qarabağ
2003,Xocalı,0.0,Qarabağ
2004,Xocalı,0.0,Qarabağ
2005,Xocalı,0.0,Qarabağ
2006,Xocalı,0.0,Qarabağ
2007,Xocalı,0.0,Qarabağ
2008,Xocalı,0.0,Qarabağ
2009,Xocalı,0.0,Qarabağ
2010,Xocalı,0.0,Qarabağ
2011,Xocalı,0.0,Qarabağ
2012,Xocalı,0.0,Qarabağ
2013,Xocalı,0.0,Qarabağ
2014,Xocalı,0.0,Qarabağ
2015,Xocalı,0.0,Qarabağ
2016,Xocalı,0.0,Qarabağ
2017,Xocalı,0.0,Qarabağ
2018,Xocalı,0.0,Qarabağ
2019,Xocalı,0.0,Qarabağ
2020,Xocalı,0.0,Qarabağ
2021,Xocalı,0.0,Qarabağ
2022,Xocalı,0.0,Qarabağ
2023,Xocalı,0.0,Qarabağ
2000,Xocavənd,2.0,Qarabağ
2001,Xocavənd,0.0,Qarabağ
2002,Xocavənd,0.0,Qarabağ
2003,Xocavənd,0.0,Qarabağ
2004,Xocavənd,0.0,Qarabağ
2005,Xocavənd,0.0,Qarabağ
2006,Xocavənd,0.0,Qarabağ
2007,Xocavənd,37.0,Qarabağ
2008,Xocavənd,0.0,Qarabağ
2009,Xocavənd,0.0,Qarabağ
2010,Xocavənd,0.0,Qarabağ
2011,Xocavənd,0.0,Qarabağ
2012,Xocavənd,17.0,Qarabağ
2013,Xocavənd,0.0,Qarabağ
2014,Xocavənd,0.0,Qarabağ
2015,Xocavənd,0.0,Qarabağ
2016,Xocavənd,0.0,Qarabağ
2017,Xocavənd,0.0,Qarabağ
2018,Xocavənd,0.0,Qarabağ
2019,Xocavənd,0.0,Qarabağ
2020,Xocavənd,0.0,Qarabağ
2021,Xocavənd,0.0,Qarabağ
2022,Xocavənd,0.0,Qarabağ
2023,Xocavənd,0.0,Qarabağ
2000,Tərtər,1403.0,Qarabağ
2001,Tərtər,1773.0,Qarabağ
2002,Tərtər,3368.0,Qarabağ
2003,Tərtər,4554.0,Qarabağ
2004,Tərtər,5832.0,Qarabağ
2005,Tərtər,9789.0,Qarabağ
2006,Tərtər,4668.0,Qarabağ
2007,Tərtər,5291.0,Qarabağ
2008,Tərtər,2889.0,Qarabağ
2009,Tərtər,1438.0,Qarabağ
2010,Tərtər,1824.0,Qarabağ
2011,Tərtər,3511.0,Qarabağ
2012,Tərtər,3066.0,Qarabağ
2013,Tərtər,2009.0,Qarabağ
2014,Tərtər,1978.0,Qarabağ
2015,Tərtər,893.0,Qarabağ
2016,Tərtər,2334.0,Qarabağ
2017,Tərtər,8420.0,Qarabağ
2018,Tərtər,8197.0,Qarabağ
2019,Tərtər,11936.0,Qarabağ
2020,Tərtər,11580.0,Qarabağ
2021,Tərtər,10701.5,Qarabağ
2022,Tərtər,11253.9,Qarabağ
2023,Tərtər,6314.9,Qarabağ
2000,Cəlilabad,0.0,Lənkəran-Astara
2001,Cəlilabad,0.0,Lənkəran-Astara
2002,Cəlilabad,0.0,Lənkəran-Astara
2003,Cəlilabad,0.0,Lənkəran-Astara
2004,Cəlilabad,0.0,Lənkəran-Astara
2005,Cəlilabad,0.0,Lənkəran-Astara
2006,Cəlilabad,419.0,Lənkəran-Astara
2007,Cəlilabad,60.0,Lənkəran-Astara
2008,Cəlilabad,33.0,Lənkəran-Astara
2009,Cəlilabad,86.0,Lənkəran-Astara
2010,Cəlilabad,128.0,Lənkəran-Astara
2011,Cəlilabad,465.0,Lənkəran-Astara
2012,Cəlilabad,0.0,Lənkəran-Astara
2013,Cəlilabad,8.0,Lənkəran-Astara
2014,Cəlilabad,46.0,Lənkəran-Astara
2015,Cəlilabad,14.0,Lənkəran-Astara
2016,Cəlilabad,659.0,Lənkəran-Astara
2017,Cəlilabad,1000.0,Lənkəran-Astara
2018,Cəlilabad,1447.0,Lənkəran-Astara
2019,Cəlilabad,1311.0,Lənkəran-Astara
2020,Cəlilabad,1212.4,Lənkəran-Astara
2021,Cəlilabad,0.0,Lənkəran-Astara
2022,Cəlilabad,0.0,Lənkəran-Astara
2023,Cəlilabad,0.0,Lənkəran-Astara
2000,Ağdaş,1127.0,Mərkəzi Aran
2001,Ağdaş,1044.0,Mərkəzi Aran
2002,Ağdaş,760.0,Mərkəzi Aran
2003,Ağdaş,1024.0,Mərkəzi Aran
2004,Ağdaş,1474.0,Mərkəzi Aran
2005,Ağdaş,2310.0,Mərkəzi Aran
2006,Ağdaş,1557.0,Mərkəzi Aran
2007,Ağdaş,913.0,Mərkəzi Aran
2008,Ağdaş,439.0,Mərkəzi Aran
2009,Ağdaş,72.0,Mərkəzi Aran
2010,Ağdaş,100.0,Mərkəzi Aran
2011,Ağdaş,257.0,Mərkəzi Aran
2012,Ağdaş,276.0,Mərkəzi Aran
2013,Ağdaş,175.0,Mərkəzi Aran
2014,Ağdaş,81.0,Mərkəzi Aran
2015,Ağdaş,25.0,Mərkəzi Aran
2016,Ağdaş,1316.0,Mərkəzi Aran
2017,Ağdaş,3697.0,Mərkəzi Aran
2018,Ağdaş,3756.0,Mərkəzi Aran
2019,Ağdaş,0.0,Mərkəzi Aran
2020,Ağdaş,0.0,Mərkəzi Aran
2021,Ağdaş,0.0,Mərkəzi Aran
2022,Ağdaş,0.0,Mərkəzi Aran
2023,Ağdaş,0.0,Mərkəzi Aran
2000,Göyçay,401.0,Mərkəzi Aran
2001,Göyçay,438.0,Mərkəzi Aran
2002,Göyçay,273.0,Mərkəzi Aran
2003,Göyçay,181.0,Mərkəzi Aran
2004,Göyçay,280.0,Mərkəzi Aran
2005,Göyçay,484.0,Mərkəzi Aran
2006,Göyçay,248.0,Mərkəzi Aran
2007,Göyçay,47.0,Mərkəzi Aran
2008,Göyçay,13.0,Mərkəzi Aran
2009,Göyçay,51.0,Mərkəzi Aran
2010,Göyçay,114.0,Mərkəzi Aran
2011,Göyçay,36.0,Mərkəzi Aran
2012,Göyçay,65.0,Mərkəzi Aran
2013,Göyçay,4.0,Mərkəzi Aran
2014,Göyçay,0.0,Mərkəzi Aran
2015,Göyçay,0.0,Mərkəzi Aran
2016,Göyçay,153.0,Mərkəzi Aran
2017,Göyçay,0.0,Mərkəzi Aran
2018,Göyçay,0.0,Mərkəzi Aran
2019,Göyçay,0.0,Mərkəzi Aran
2020,Göyçay,0.0,Mərkəzi Aran
2021,Göyçay,0.0,Mərkəzi Aran
2022,Göyçay,0.0,Mərkəzi Aran
2023,Göyçay,0.0,Mərkəzi Aran
2000,Kürdəmir,2885.0,Mərkəzi Aran
2001,Kürdəmir,2963.0,Mərkəzi Aran
2002,Kürdəmir,2560.0,Mərkəzi Aran
2003,Kürdəmir,3045.0,Mərkəzi Aran
2004,Kürdəmir,2728.0,Mərkəzi Aran
2005,Kürdəmir,3012.0,Mərkəzi Aran
2006,Kürdəmir,1191.0,Mərkəzi Aran
2007,Kürdəmir,1022.0,Mərkəzi Aran
2008,Kürdəmir,689.0,Mərkəzi Aran
2009,Kürdəmir,88.0,Mərkəzi Aran
2010,Kürdəmir,21.0,Mərkəzi Aran
2011,Kürdəmir,266.0,Mərkəzi Aran
2012,Kürdəmir,81.0,Mərkəzi Aran
2013,Kürdəmir,26.0,Mərkəzi Aran
2014,Kürdəmir,12.0,Mərkəzi Aran
2015,Kürdəmir,10.0,Mərkəzi Aran
2016,Kürdəmir,2111.0,Mərkəzi Aran
2017,Kürdəmir,5001.0,Mərkəzi Aran
2018,Kürdəmir,6763.0,Mərkəzi Aran
2019,Kürdəmir,6497.0,Mərkəzi Aran
2020,Kürdəmir,5747.2,Mərkəzi Aran
2021,Kürdəmir,6048.7,Mərkəzi Aran
2022,Kürdəmir,5682.6,Mərkəzi Aran
2023,Kürdəmir,4038.9,Mərkəzi Aran
2000,Ucar,1640.0,Mərkəzi Aran
2001,Ucar,2936.0,Mərkəzi Aran
2002,Ucar,2154.0,Mərkəzi Aran
2003,Ucar,1616.0,Mərkəzi Aran
2004,Ucar,1280.0,Mərkəzi Aran
2005,Ucar,1533.0,Mərkəzi Aran
2006,Ucar,1286.0,Mərkəzi Aran
2007,Ucar,928.0,Mərkəzi Aran
2008,Ucar,561.0,Mərkəzi Aran
2009,Ucar,477.0,Mərkəzi Aran
2010,Ucar,503.0,Mərkəzi Aran
2011,Ucar,511.0,Mərkəzi Aran
2012,Ucar,552.0,Mərkəzi Aran
2013,Ucar,391.0,Mərkəzi Aran
2014,Ucar,415.0,Mərkəzi Aran
2015,Ucar,16.0,Mərkəzi Aran
2016,Ucar,299.0,Mərkəzi Aran
2017,Ucar,2338.0,Mərkəzi Aran
2018,Ucar,1793.0,Mərkəzi Aran
2019,Ucar,963.0,Mərkəzi Aran
2020,Ucar,496.0,Mərkəzi Aran
2021,Ucar,0.0,Mərkəzi Aran
2022,Ucar,0.0,Mərkəzi Aran
2023,Ucar,0.0,Mərkəzi Aran
2000,Yevlax,2261.0,Mərkəzi Aran
2001,Yevlax,2079.0,Mərkəzi Aran
2002,Yevlax,1327.0,Mərkəzi Aran
2003,Yevlax,1650.0,Mərkəzi Aran
2004,Yevlax,1792.0,Mərkəzi Aran
2005,Yevlax,3432.0,Mərkəzi Aran
2006,Yevlax,1955.0,Mərkəzi Aran
2007,Yevlax,2406.0,Mərkəzi Aran
2008,Yevlax,1931.0,Mərkəzi Aran
2009,Yevlax,1500.0,Mərkəzi Aran
2010,Yevlax,1990.0,Mərkəzi Aran
2011,Yevlax,2357.0,Mərkəzi Aran
2012,Yevlax,2865.0,Mərkəzi Aran
2013,Yevlax,2637.0,Mərkəzi Aran
2014,Yevlax,2865.0,Mərkəzi Aran
2015,Yevlax,3327.0,Mərkəzi Aran
2016,Yevlax,3677.0,Mərkəzi Aran
2017,Yevlax,3417.0,Mərkəzi Aran
2018,Yevlax,5296.0,Mərkəzi Aran
2019,Yevlax,6348.0,Mərkəzi Aran
2020,Yevlax,8148.9,Mərkəzi Aran
2021,Yevlax,7326.3,Mərkəzi Aran
2022,Yevlax,8571.8,Mərkəzi Aran
2023,Yevlax,6755.8,Mərkəzi Aran
2000,Zərdab,4835.0,Mərkəzi Aran
2001,Zərdab,4203.0,Mərkəzi Aran
2002,Zərdab,3359.0,Mərkəzi Aran
2003,Zərdab,2695.0,Mərkəzi Aran
2004,Zərdab,3200.0,Mərkəzi Aran
2005,Zərdab,4526.0,Mərkəzi Aran
2006,Zərdab,1591.0,Mərkəzi Aran
2007,Zərdab,1130.0,Mərkəzi Aran
2008,Zərdab,812.0,Mərkəzi Aran
2009,Zərdab,47.0,Mərkəzi Aran
2010,Zərdab,271.0,Mərkəzi Aran
2011,Zərdab,556.0,Mərkəzi Aran
2012,Zərdab,485.0,Mərkəzi Aran
2013,Zərdab,133.0,Mərkəzi Aran
2014,Zərdab,282.0,Mərkəzi Aran
2015,Zərdab,15.0,Mərkəzi Aran
2016,Zərdab,900.0,Mərkəzi Aran
2017,Zərdab,4191.0,Mərkəzi Aran
2018,Zərdab,4997.0,Mərkəzi Aran
2019,Zərdab,5252.0,Mərkəzi Aran
2020,Zərdab,7687.0,Mərkəzi Aran
2021,Zərdab,7353.5,Mərkəzi Aran
2022,Zərdab,8959.6,Mərkəzi Aran
2023,Zərdab,7534.2,Mərkəzi Aran
2000,Beyləqan,4687.0,Mil-Muğan
2001,Beyləqan,5333.0,Mil-Muğan
2002,Beyləqan,5134.0,Mil-Muğan
2003,Beyləqan,7455.0,Mil-Muğan
2004,Beyləqan,8704.0,Mil-Muğan
2005,Beyləqan,14665.0,Mil-Muğan
2006,Beyləqan,9306.0,Mil-Muğan
2007,Beyləqan,6873.0,Mil-Muğan
2008,Beyləqan,3176.0,Mil-Muğan
2009,Beyləqan,2054.0,Mil-Muğan
2010,Beyləqan,3210.0,Mil-Muğan
2011,Beyləqan,3570.0,Mil-Muğan
2012,Beyləqan,2589.0,Mil-Muğan
2013,Beyləqan,2804.0,Mil-Muğan
2014,Beyləqan,3876.0,Mil-Muğan
2015,Beyləqan,3795.0,Mil-Muğan
2016,Beyləqan,7880.0,Mil-Muğan
2017,Beyləqan,15726.0,Mil-Muğan
2018,Beyləqan,21916.0,Mil-Muğan
2019,Beyləqan,29443.0,Mil-Muğan
2020,Beyləqan,31049.4,Mil-Muğan
2021,Beyləqan,24861.6,Mil-Muğan
2022,Beyləqan,28880.1,Mil-Muğan
2023,Beyləqan,21606.4,Mil-Muğan
2000,İmişli,7205.0,Mil-Muğan
2001,İmişli,7635.0,Mil-Muğan
2002,İmişli,6724.0,Mil-Muğan
2003,İmişli,7730.0,Mil-Muğan
2004,İmişli,10780.0,Mil-Muğan
2005,İmişli,18495.0,Mil-Muğan
2006,İmişli,11653.0,Mil-Muğan
2007,İmişli,11723.0,Mil-Muğan
2008,İmişli,5382.0,Mil-Muğan
2009,İmişli,2510.0,Mil-Muğan
2010,İmişli,2775.0,Mil-Muğan
2011,İmişli,4537.0,Mil-Muğan
2012,İmişli,4212.0,Mil-Muğan
2013,İmişli,3413.0,Mil-Muğan
2014,İmişli,5456.0,Mil-Muğan
2015,İmişli,6388.0,Mil-Muğan
2016,İmişli,10211.0,Mil-Muğan
2017,İmişli,14655.0,Mil-Muğan
2018,İmişli,18576.0,Mil-Muğan
2019,İmişli,19716.0,Mil-Muğan
2020,İmişli,23776.8,Mil-Muğan
2021,İmişli,19688.5,Mil-Muğan
2022,İmişli,21139.7,Mil-Muğan
2023,İmişli,18680.0,Mil-Muğan
2000,Saatlı,15166.0,Mil-Muğan
2001,Saatlı,12797.0,Mil-Muğan
2002,Saatlı,11633.0,Mil-Muğan
2003,Saatlı,18793.0,Mil-Muğan
2004,Saatlı,34349.0,Mil-Muğan
2005,Saatlı,36949.0,Mil-Muğan
2006,Saatlı,28786.0,Mil-Muğan
2007,Saatlı,20230.0,Mil-Muğan
2008,Saatlı,12274.0,Mil-Muğan
2009,Saatlı,7564.0,Mil-Muğan
2010,Saatlı,7694.0,Mil-Muğan
2011,Saatlı,11197.0,Mil-Muğan
2012,Saatlı,10302.0,Mil-Muğan
2013,Saatlı,8795.0,Mil-Muğan
2014,Saatlı,7474.0,Mil-Muğan
2015,Saatlı,5650.0,Mil-Muğan
2016,Saatlı,12088.0,Mil-Muğan
2017,Saatlı,25754.0,Mil-Muğan
2018,Saatlı,30448.0,Mil-Muğan
2019,Saatlı,41813.0,Mil-Muğan
2020,Saatlı,47365.7,Mil-Muğan
2021,Saatlı,38381.1,Mil-Muğan
2022,Saatlı,40085.0,Mil-Muğan
2023,Saatlı,38338.1,Mil-Muğan
2000,Sabirabad,9347.0,Mil-Muğan
2001,Sabirabad,7513.0,Mil-Muğan
2002,Sabirabad,6669.0,Mil-Muğan
2003,Sabirabad,7379.0,Mil-Muğan
2004,Sabirabad,13213.0,Mil-Muğan
2005,Sabirabad,18959.0,Mil-Muğan
2006,Sabirabad,10656.0,Mil-Muğan
2007,Sabirabad,7491.0,Mil-Muğan
2008,Sabirabad,4573.0,Mil-Muğan
2009,Sabirabad,2250.0,Mil-Muğan
2010,Sabirabad,1940.0,Mil-Muğan
2011,Sabirabad,3815.0,Mil-Muğan
2012,Sabirabad,4053.0,Mil-Muğan
2013,Sabirabad,3160.0,Mil-Muğan
2014,Sabirabad,2676.0,Mil-Muğan
2015,Sabirabad,1853.0,Mil-Muğan
2016,Sabirabad,7713.0,Mil-Muğan
2017,Sabirabad,18170.0,Mil-Muğan
2018,Sabirabad,17292.0,Mil-Muğan
2019,Sabirabad,25211.0,Mil-Muğan
2020,Sabirabad,31623.3,Mil-Muğan
2021,Sabirabad,27396.2,Mil-Muğan
2022,Sabirabad,35602.3,Mil-Muğan
2023,Sabirabad,32992.7,Mil-Muğan
2000,Cəbrayıl,0.0,Şərqi Zəngəzur
2001,Cəbrayıl,0.0,Şərqi Zəngəzur
2002,Cəbrayıl,0.0,Şərqi Zəngəzur
2003,Cəbrayıl,0.0,Şərqi Zəngəzur
2004,Cəbrayıl,0.0,Şərqi Zəngəzur
2005,Cəbrayıl,0.0,Şərqi Zəngəzur
2006,Cəbrayıl,55.0,Şərqi Zəngəzur
2007,Cəbrayıl,80.0,Şərqi Zəngəzur
2008,Cəbrayıl,72.0,Şərqi Zəngəzur
2009,Cəbrayıl,0.0,Şərqi Zəngəzur
2010,Cəbrayıl,0.0,Şərqi Zəngəzur
2011,Cəbrayıl,0.0,Şərqi Zəngəzur
2012,Cəbrayıl,0.0,Şərqi Zəngəzur
2013,Cəbrayıl,0.0,Şərqi Zəngəzur
2014,Cəbrayıl,0.0,Şərqi Zəngəzur
2015,Cəbrayıl,0.0,Şərqi Zəngəzur
2016,Cəbrayıl,58.0,Şərqi Zəngəzur
2017,Cəbrayıl,0.0,Şərqi Zəngəzur
2018,Cəbrayıl,0.0,Şərqi Zəngəzur
2019,Cəbrayıl,0.0,Şərqi Zəngəzur
2020,Cəbrayıl,0.0,Şərqi Zəngəzur
2021,Cəbrayıl,0.0,Şərqi Zəngəzur
2022,Cəbrayıl,0.0,Şərqi Zəngəzur
2023,Cəbrayıl,0.0,Şərqi Zəngəzur
2000,Laçın,0.0,Şərqi Zəngəzur
2001,Laçın,0.0,Şərqi Zəngəzur
2002,Laçın,0.0,Şərqi Zəngəzur
2003,Laçın,0.0,Şərqi Zəngəzur
2004,Laçın,0.0,Şərqi Zəngəzur
2005,Laçın,0.0,Şərqi Zəngəzur
2006,Laçın,0.0,Şərqi Zəngəzur
2007,Laçın,0.0,Şərqi Zəngəzur
2008,Laçın,30.0,Şərqi Zəngəzur
2009,Laçın,50.0,Şərqi Zəngəzur
2010,Laçın,0.0,Şərqi Zəngəzur
2011,Laçın,0.0,Şərqi Zəngəzur
2012,Laçın,0.0,Şərqi Zəngəzur
2013,Laçın,0.0,Şərqi Zəngəzur
2014,Laçın,0.0,Şərqi Zəngəzur
2015,Laçın,0.0,Şərqi Zəngəzur
2016,Laçın,0.0,Şərqi Zəngəzur
2017,Laçın,0.0,Şərqi Zəngəzur
2018,Laçın,0.0,Şərqi Zəngəzur
2019,Laçın,0.0,Şərqi Zəngəzur
2020,Laçın,0.0,Şərqi Zəngəzur
2021,Laçın,0.0,Şərqi Zəngəzur
2022,Laçın,0.0,Şərqi Zəngəzur
2023,Laçın,0.0,Şərqi Zəngəzur
2000,Biləsuvar,8056.0,Şirvan-Salyan
2001,Biləsuvar,8551.0,Şirvan-Salyan
2002,Biləsuvar,6221.0,Şirvan-Salyan
2003,Biləsuvar,6797.0,Şirvan-Salyan
2004,Biləsuvar,11699.0,Şirvan-Salyan
2005,Biləsuvar,17782.0,Şirvan-Salyan
2006,Biləsuvar,12654.0,Şirvan-Salyan
2007,Biləsuvar,12083.0,Şirvan-Salyan
2008,Biləsuvar,6056.0,Şirvan-Salyan
2009,Biləsuvar,5430.0,Şirvan-Salyan
2010,Biləsuvar,5678.0,Şirvan-Salyan
2011,Biləsuvar,13018.0,Şirvan-Salyan
2012,Biləsuvar,11415.0,Şirvan-Salyan
2013,Biləsuvar,9474.0,Şirvan-Salyan
2014,Biləsuvar,5834.0,Şirvan-Salyan
2015,Biləsuvar,6362.0,Şirvan-Salyan
2016,Biləsuvar,12062.0,Şirvan-Salyan
2017,Biləsuvar,24762.0,Şirvan-Salyan
2018,Biləsuvar,22732.0,Şirvan-Salyan
2019,Biləsuvar,30707.0,Şirvan-Salyan
2020,Biləsuvar,28333.0,Şirvan-Salyan
2021,Biləsuvar,20903.7,Şirvan-Salyan
2022,Biləsuvar,17833.0,Şirvan-Salyan
2023,Biləsuvar,18539.0,Şirvan-Salyan
2000,Hacıqabul,512.0,Şirvan-Salyan
2001,Hacıqabul,535.0,Şirvan-Salyan
2002,Hacıqabul,540.0,Şirvan-Salyan
2003,Hacıqabul,625.0,Şirvan-Salyan
2004,Hacıqabul,630.0,Şirvan-Salyan
2005,Hacıqabul,650.0,Şirvan-Salyan
2006,Hacıqabul,350.0,Şirvan-Salyan
2007,Hacıqabul,306.0,Şirvan-Salyan
2008,Hacıqabul,301.0,Şirvan-Salyan
2009,Hacıqabul,52.0,Şirvan-Salyan
2010,Hacıqabul,0.0,Şirvan-Salyan
2011,Hacıqabul,100.0,Şirvan-Salyan
2012,Hacıqabul,0.0,Şirvan-Salyan
2013,Hacıqabul,0.0,Şirvan-Salyan
2014,Hacıqabul,0.0,Şirvan-Salyan
2015,Hacıqabul,0.0,Şirvan-Salyan
2016,Hacıqabul,800.0,Şirvan-Salyan
2017,Hacıqabul,1000.0,Şirvan-Salyan
2018,Hacıqabul,1172.0,Şirvan-Salyan
2019,Hacıqabul,576.0,Şirvan-Salyan
2020,Hacıqabul,791.0,Şirvan-Salyan
2021,Hacıqabul,840.0,Şirvan-Salyan
2022,Hacıqabul,0.0,Şirvan-Salyan
2023,Hacıqabul,0.0,Şirvan-Salyan
2000,Neftçala,3599.0,Şirvan-Salyan
2001,Neftçala,4115.0,Şirvan-Salyan
2002,Neftçala,4005.0,Şirvan-Salyan
2003,Neftçala,6227.0,Şirvan-Salyan
2004,Neftçala,7851.0,Şirvan-Salyan
2005,Neftçala,12553.0,Şirvan-Salyan
2006,Neftçala,7498.0,Şirvan-Salyan
2007,Neftçala,5385.0,Şirvan-Salyan
2008,Neftçala,2012.0,Şirvan-Salyan
2009,Neftçala,606.0,Şirvan-Salyan
2010,Neftçala,1360.0,Şirvan-Salyan
2011,Neftçala,3113.0,Şirvan-Salyan
2012,Neftçala,1259.0,Şirvan-Salyan
2013,Neftçala,753.0,Şirvan-Salyan
2014,Neftçala,768.0,Şirvan-Salyan
2015,Neftçala,255.0,Şirvan-Salyan
2016,Neftçala,1978.0,Şirvan-Salyan
2017,Neftçala,9097.0,Şirvan-Salyan
2018,Neftçala,10090.0,Şirvan-Salyan
2019,Neftçala,16072.0,Şirvan-Salyan
2020,Neftçala,23042.0,Şirvan-Salyan
2021,Neftçala,22871.2,Şirvan-Salyan
2022,Neftçala,23850.0,Şirvan-Salyan
2023,Neftçala,22854.1,Şirvan-Salyan
2000,Salyan,4233.0,Şirvan-Salyan
2001,Salyan,3668.0,Şirvan-Salyan
2002,Salyan,3920.0,Şirvan-Salyan
2003,Salyan,4244.0,Şirvan-Salyan
2004,Salyan,5745.0,Şirvan-Salyan
2005,Salyan,8645.0,Şirvan-Salyan
2006,Salyan,6323.0,Şirvan-Salyan
2007,Salyan,4188.0,Şirvan-Salyan
2008,Salyan,1495.0,Şirvan-Salyan
2009,Salyan,938.0,Şirvan-Salyan
2010,Salyan,1242.0,Şirvan-Salyan
2011,Salyan,2184.0,Şirvan-Salyan
2012,Salyan,1578.0,Şirvan-Salyan
2013,Salyan,1322.0,Şirvan-Salyan
2014,Salyan,1689.0,Şirvan-Salyan
2015,Salyan,584.0,Şirvan-Salyan
2016,Salyan,2706.0,Şirvan-Salyan
2017,Salyan,9276.0,Şirvan-Salyan
2018,Salyan,10356.0,Şirvan-Salyan
2019,Salyan,15929.0,Şirvan-Salyan
2020,Salyan,20425.9,Şirvan-Salyan
2021,Salyan,22691.1,Şirvan-Salyan
2022,Salyan,29398.0,Şirvan-Salyan
2023,Salyan,26285.4,Şirvan-Salyan
